-0.86126,1.2281,-2.53
-1.2706,0.941,-2.53
-1.68,0.65391,-2.53
-2.0893,0.36682,-2.53
-2.4987,0.079728,-2.53
-2.9081,-0.20736,-2.53
-3.3174,-0.49446,-2.53
-3.7268,-0.78155,-2.53
-4.1362,-1.0686,-2.53
-4.5455,-1.3557,-2.5185
-4.9513,-1.6473,-2.4196
-5.3266,-1.9778,-2.4196
-5.7018,-2.3082,-2.4154
-6.0757,-2.6403,-2.4142
-6.4491,-2.9727,-2.4142
-6.8226,-3.3052,-2.4142
-7.1961,-3.6376,-2.4142
-7.5695,-3.9701,-2.4142
-7.943,-4.3025,-2.4009
-8.312,-4.6399,-2.3985
-8.6802,-4.9782,-2.3633
-9.0361,-5.3291,-2.3439
-9.3853,-5.687,-2.3415
-9.7336,-6.0457,-2.3402
-10.081,-6.4049,-2.3402
-10.429,-6.764,-2.3402
-10.777,-7.1232,-2.3402
-11.125,-7.4823,-2.3402
-11.473,-7.8415,-2.3421
-11.821,-8.2,-2.3428
-12.17,-8.5583,-2.3531
-12.523,-8.9129,-2.3558
-12.876,-9.2666,-2.3572
-13.23,-9.6198,-2.3575
-13.584,-9.9729,-2.3575
-13.938,-10.326,-2.3575
-14.292,-10.679,-2.3575
-14.646,-11.032,-2.3575
-15,-11.385,-2.3617
-15.356,-11.737,-2.3683
-15.713,-12.086,-2.4204
-16.089,-12.416,-2.4213
-16.465,-12.746,-2.4277
-16.842,-13.073,-2.4277
-17.22,-13.401,-2.4277
-17.598,-13.728,-2.4277
-17.976,-14.056,-2.4277
-18.354,-14.383,-2.4277
-18.732,-14.71,-2.4278
-19.11,-15.038,-2.4581
-19.497,-15.353,-2.5396
-19.909,-15.636,-2.5526
-20.325,-15.914,-2.56
-20.743,-16.189,-2.56
-21.161,-16.463,-2.56
-21.578,-16.738,-2.56
-21.996,-17.013,-2.56
-22.414,-17.287,-2.56
-22.832,-17.562,-2.56
-23.25,-17.837,-2.6599
-23.692,-18.068,-2.7567
-24.154,-18.255,-2.8552
-24.634,-18.396,-2.8585
-25.114,-18.536,-2.8597
-25.594,-18.675,-2.8597
-26.074,-18.814,-2.8597
-26.554,-18.953,-2.8597
-27.035,-19.092,-2.8597
-27.515,-19.231,-2.9103
-28.002,-19.346,-2.9235
-28.49,-19.454,-2.9781
-28.983,-19.535,-3.0281
-29.479,-19.592,-3.0744
-29.978,-19.626,-3.0757
-30.477,-19.659,-3.0767
-30.976,-19.691,-3.0767
-31.475,-19.723,-3.0767
-31.974,-19.756,-3.1321
-32.473,-19.761,3.1182
-32.973,-19.749,3.0805
-33.472,-19.718,3.0622
-33.971,-19.679,3.0025
-34.465,-19.609,2.9483
-34.956,-19.513,2.9222
-35.444,-19.405,2.9222
-35.932,-19.296,2.9222
-36.42,-19.187,2.9041
-36.906,-19.069,2.8918
-37.39,-18.946,2.88
-37.873,-18.816,2.8727
-38.355,-18.684,2.8728
-38.837,-18.551,2.8728
-39.319,-18.418,2.8742
-39.802,-18.286,2.8749
-40.284,-18.154,2.8749
-40.766,-18.022,2.8749
-41.249,-17.891,2.8852
-41.732,-17.764,2.8899
-42.216,-17.639,2.8982
-42.702,-17.519,2.9015
-43.187,-17.4,2.9015
-43.673,-17.281,2.9015
-44.159,-17.162,2.9385
-44.648,-17.061,2.9504
-45.139,-16.966,2.9492
-45.63,-16.871,2.9479
-46.121,-16.774,2.9676
-46.613,-16.688,2.9857
-47.107,-16.61,3.0055
-47.602,-16.543,3.0218
-48.099,-16.483,3.037
-48.596,-16.431,3.0482
-49.094,-16.384,3.0559
-49.592,-16.341,3.0886
-50.091,-16.315,3.0886
-50.59,-16.288,3.0886
-51.09,-16.262,3.0933
-51.589,-16.238,3.1089
-52.089,-16.221,3.1148
-52.589,-16.208,3.132
-53.089,-16.203,3.139
-53.589,-16.202,-3.1262
-54.088,-16.209,-3.1253
-54.588,-16.218,-3.1129
-55.088,-16.232,-3.1129
-55.588,-16.246,-3.1129
-56.088,-16.261,-3.1111
-56.588,-16.276,-3.0968
-57.087,-16.298,-3.0938
-57.586,-16.322,-3.0744
-58.085,-16.356,-3.0664
-58.584,-16.393,-3.0235
-59.08,-16.452,-3.0235
-59.577,-16.511,-3.0175
-60.073,-16.573,-3.0163
-60.569,-16.635,-3.0163
-61.065,-16.698,-3.0163
-61.561,-16.76,-2.9503
-62.052,-16.855,-2.9415
-62.542,-16.955,-2.8138
-63.015,-17.116,-2.7982
-63.486,-17.284,-2.6404
-63.924,-17.524,-2.6404
-64.363,-17.764,-2.6404
-64.801,-18.005,-2.6392
-65.239,-18.245,-2.6391
-65.678,-18.486,-2.6391
-66.116,-18.727,-2.6372
-66.554,-18.969,-2.5842
-66.978,-19.233,-2.5628
-67.395,-19.506,-2.3364
-67.742,-19.866,-2.3364
-68.088,-20.227,-2.335
-68.434,-20.588,-2.3305
-68.779,-20.95,-2.3305
-69.123,-21.313,-2.3305
-69.467,-21.675,-2.3305
-69.812,-22.038,-2.3305
-70.156,-22.4,-2.2643
-70.474,-22.783,-2.1108
-70.731,-23.212,-2.1108
-70.988,-23.641,-2.0673
-71.226,-24.08,-2.0059
-71.437,-24.533,-2.0059
-71.648,-24.987,-2.0059
-71.858,-25.44,-2.0059
-72.069,-25.893,-2.0059
-72.28,-26.347,-1.9741
-72.476,-26.806,-1.9406
-72.657,-27.273,-1.9389
-72.837,-27.739,-1.9155
-73.006,-28.21,-1.9117
-73.173,-28.681,-1.8729
-73.322,-29.158,-1.8729
-73.47,-29.636,-1.8729
-73.619,-30.113,-1.8709
-73.767,-30.591,-1.8578
-73.908,-31.07,-1.8578
-74.05,-31.55,-1.8305
-74.178,-32.033,-1.8265
-74.305,-32.517,-1.8204
-74.428,-33.001,-1.8197
-74.552,-33.486,-1.8002
-74.665,-33.973,-1.7984
-74.778,-34.46,-1.7984
-74.891,-34.947,-1.7984
-75.004,-35.434,-1.7999
-75.117,-35.921,-1.7999
-75.231,-36.408,-1.8026
-75.346,-36.894,-1.8029
-75.461,-37.381,-1.8106
-75.58,-37.867,-1.8122
-75.699,-38.352,-1.8445
-75.834,-38.834,-1.8445
-75.969,-39.315,-1.8445
-76.104,-39.796,-1.8451
-76.24,-40.278,-1.8507
-76.378,-40.758,-1.8893
-76.534,-41.233,-1.9438
-76.717,-41.698,-1.9775
-76.914,-42.157,-1.9846
-77.115,-42.615,-2.0781
-77.358,-43.052,-2.0925
-77.607,-43.485,-2.0925
-77.857,-43.919,-2.0925
-78.106,-44.352,-2.0925
-78.355,-44.786,-2.0925
-78.604,-45.219,-2.1083
-78.86,-45.649,-2.1737
-79.143,-46.06,-2.362
-79.494,-46.407,-2.5458
-79.908,-46.688,-2.5458
-80.322,-46.968,-2.5458
-80.736,-47.249,-2.5458
-81.15,-47.53,-2.5458
-81.564,-47.81,-2.5458
-81.978,-48.091,-2.5458
-82.391,-48.371,-2.5738
-82.813,-48.64,-2.8115
-83.26,-48.793,2.95
-83.751,-48.698,2.9144
-84.237,-48.585,2.8368
-84.714,-48.435,2.8295
-85.19,-48.282,2.8237
-85.665,-48.126,2.7751
-86.132,-47.947,2.7463
-86.593,-47.754,2.6425
-87.031,-47.515,2.5983
-87.459,-47.257,2.5983
-87.887,-46.998,2.5983
-88.315,-46.74,2.5563
-88.732,-46.464,2.4861
-89.128,-46.159,2.3884
-89.491,-45.818,2.2726
-89.814,-45.436,2.2282
-90.119,-45.041,2.1516
-90.393,-44.623,2.1516
-90.668,-44.205,2.1516
-90.942,-43.787,2.1516
-91.217,-43.369,2.1516
-91.491,-42.951,2.1491
-91.764,-42.533,2.1459
-92.036,-42.113,2.0069
-92.247,-41.661,1.9439
-92.429,-41.196,1.8859
-92.584,-40.72,1.8859
-92.739,-40.245,1.8859
-92.894,-39.77,1.8859
-93.049,-39.294,1.8859
-93.204,-38.819,1.8859
-93.359,-38.343,1.8859
-93.514,-37.868,1.8875
-93.67,-37.393,1.8894
-93.826,-36.918,1.8912
-93.984,-36.444,1.8936
-94.142,-35.969,1.8936
-94.301,-35.495,1.8936
-94.46,-35.021,1.8936
-94.618,-34.547,1.8936
-94.777,-34.073,1.8936
-94.935,-33.599,1.8936
-95.094,-33.124,1.9375
-95.273,-32.658,1.9813
-95.473,-32.2,1.987
-95.675,-31.742,2.0742
-95.916,-31.304,2.0742
-96.157,-30.866,2.0742
-96.398,-30.428,2.0742
-96.64,-29.99,2.0742
-96.881,-29.553,2.0742
-97.122,-29.115,2.0742
-97.363,-28.677,2.0965
-97.614,-28.245,2.2259
-97.918,-27.848,2.2259
-98.223,-27.452,2.2667
-98.543,-27.068,2.3016
-98.877,-26.696,2.3016
-99.211,-26.324,2.3016
-99.545,-25.951,2.3016
-99.878,-25.579,2.3016
-100.21,-25.207,2.343
-100.56,-24.849,2.3698
-100.92,-24.5,2.3745
-101.28,-24.153,2.4196
-101.65,-23.822,2.428
-102.03,-23.495,2.4864
-102.43,-23.191,2.4864
-102.82,-22.886,2.4864
-103.22,-22.581,2.4884
-103.62,-22.277,2.498
-104.02,-21.977,2.498
-104.42,-21.677,2.5355
-104.83,-21.393,2.5417
-105.24,-21.11,2.5482
-105.66,-20.831,2.5491
-106.07,-20.551,2.5681
-106.49,-20.28,2.5701
-106.91,-20.01,2.5701
-107.33,-19.739,2.5701
-107.75,-19.469,2.5762
-108.18,-19.201,2.5766
-108.6,-18.933,2.5863
-109.02,-18.67,2.5879
-109.45,-18.407,2.5855
-109.87,-18.143,2.5852
-110.3,-17.879,2.5758
-110.72,-17.611,2.5747
-111.14,-17.342,2.5747
-111.56,-17.074,2.5747
-111.98,-16.805,2.6251
-112.42,-16.558,2.6279
-112.85,-16.313,2.6403
-113.29,-16.072,2.6503
-113.73,-15.837,2.6795
-114.18,-15.614,2.6985
-114.63,-15.399,2.8895
-115.11,-15.276,2.9762
-115.61,-15.193,2.9762
-116.1,-15.111,2.9762
-116.59,-15.029,-3.0991
-117.09,-15.05,-3.097
-117.59,-15.072,-3.097
-118.09,-15.095,-3.0823
-118.59,-15.124,-3.064
-119.09,-15.163,-3.0111
-119.58,-15.228,-2.9515
-120.07,-15.322,-2.7097
-120.52,-15.528,-2.5631
-120.94,-15.801,-2.5631
-121.36,-16.075,-2.5456
-121.77,-16.355,-2.4213
-122.15,-16.685,-2.4213
-122.52,-17.015,-2.4213
-122.9,-17.344,-2.4213
-123.27,-17.674,-2.4213
-123.65,-18.004,-2.3423
-124,-18.358,-2.0621
-124.23,-18.799,-2.0621
-124.47,-19.24,-2.0621
-124.7,-19.681,-1.9748
-124.9,-20.14,-1.9331
-125.08,-20.607,-1.9331
-125.25,-21.075,-1.9331
-125.43,-21.543,-1.869
-125.58,-22.02,-1.8463
-125.71,-22.501,-1.8463
-125.85,-22.982,-1.8104
-125.97,-23.468,-1.8092
-126.09,-23.954,-1.7729
-126.19,-24.444,-1.7715
-126.29,-24.934,-1.7271
-126.36,-25.428,-1.7269
-126.44,-25.922,-1.7234
-126.52,-26.416,-1.7234
-126.59,-26.91,-1.7076
-126.66,-27.405,-1.7068
-126.73,-27.901,-1.7068
-126.8,-28.396,-1.7068
-126.87,-28.891,-1.7056
-126.93,-29.387,-1.7055
-127,-29.882,-1.7035
-127.07,-30.378,-1.7036
-127.13,-30.874,-1.704
-127.2,-31.369,-1.7042
-127.27,-31.865,-1.7063
-127.33,-32.36,-1.7063
-127.4,-32.855,-1.7063
-127.47,-33.351,-1.7068
-127.54,-33.846,-1.7108
-127.61,-34.341,-1.712
-127.68,-34.836,-1.7196
-127.75,-35.331,-1.7198
-127.82,-35.825,-1.7204
-127.9,-36.32,-1.727
-127.98,-36.814,-1.7425
-128.06,-37.306,-1.7425
-128.15,-37.799,-1.7426
-128.23,-38.292,-1.7442
-128.32,-38.784,-1.7471
-128.41,-39.276,-1.7514
-128.5,-39.768,-1.7585
-128.59,-40.259,-1.7585
-128.68,-40.751,-1.7585
-128.78,-41.242,-1.7614
-128.87,-41.733,-1.7656
-128.97,-42.223,-1.7659
-129.07,-42.714,-1.7662
-129.16,-43.204,-1.7667
-129.26,-43.695,-1.7672
-129.36,-44.185,-1.769
-129.46,-44.675,-1.7706
-129.55,-45.165,-1.7706
-129.65,-45.655,-1.7706
-129.75,-46.146,-1.7707
-129.85,-46.636,-1.7709
-129.95,-47.126,-1.7709
-130.05,-47.616,-1.7709
-130.15,-48.106,-1.7738
-130.25,-48.595,-1.7756
-130.35,-49.085,-1.7891
-130.46,-49.573,-1.7969
-130.57,-50.06,-1.7969
-130.69,-50.548,-1.7969
-130.8,-51.035,-1.8207
-130.92,-51.519,-1.8324
-131.05,-52.002,-1.8522
-131.19,-52.483,-1.8527
-131.33,-52.963,-1.8627
-131.47,-53.442,-1.867
-131.62,-53.92,-1.929
-131.79,-54.388,-1.929
-131.97,-54.856,-1.929
-132.14,-55.325,-1.9304
-132.32,-55.793,-1.9406
-132.5,-56.259,-1.9919
-132.71,-56.715,-2.0371
-132.93,-57.161,-2.0597
-133.16,-57.603,-2.0642
-133.4,-58.043,-2.1691
-133.68,-58.456,-2.1845
-133.97,-58.865,-2.1845
-134.26,-59.273,-2.1845
-134.55,-59.682,-2.1845
-134.83,-60.091,-2.1845
-135.12,-60.5,-2.2161
-135.42,-60.899,-2.296
-135.75,-61.273,-2.6405
-136.18,-61.508,-2.7762
-136.65,-61.687,-2.7953
-137.12,-61.856,-2.7953
-137.59,-62.026,-2.7953
-138.06,-62.196,-2.7953
-138.53,-62.365,-2.7953
-139,-62.535,-2.8156
-139.48,-62.695,-2.8751
-139.96,-62.827,3.1401
-140.44,-62.826,2.799
-140.91,-62.658,2.7691
-141.37,-62.476,2.7343
-141.83,-62.278,2.7051
-142.28,-62.067,2.7036
-142.74,-61.855,2.6736
-143.18,-61.629,2.6621
-143.63,-61.399,2.5147
-144.03,-61.106,2.5147
-144.44,-60.812,2.5147
-144.84,-60.519,2.5099
-145.24,-60.224,2.4854
-145.64,-59.919,2.4145
-146.01,-59.587,2.3321
-146.36,-59.225,2.2804
-146.68,-58.846,2.205
-146.98,-58.444,2.1425
-147.25,-58.023,2.1425
-147.52,-57.603,2.1425
-147.79,-57.183,2.1425
-148.06,-56.762,2.1425
-148.33,-56.342,2.1403
-148.6,-55.92,2.1389
-148.87,-55.499,2.0593
-149.11,-55.058,2.014
-149.32,-54.606,1.9498
-149.5,-54.142,1.9498
-149.69,-53.677,1.9498
-149.87,-53.213,1.9498
-150.06,-52.748,1.9498
-150.24,-52.284,1.9498
-150.43,-51.819,1.9498
-150.61,-51.355,1.9455
-150.8,-50.89,1.9391
-150.98,-50.423,1.8118
-151.1,-49.938,1.7977
-151.21,-49.451,1.7977
-151.32,-48.964,1.7977
-151.43,-48.476,1.7977
-151.55,-47.989,1.7977
-151.66,-47.502,1.7977
-151.77,-47.015,1.7977
-151.88,-46.528,1.7961
-152,-46.04,1.7956
-152.11,-45.553,1.6839
-152.16,-45.056,1.6828
-152.22,-44.559,1.6809
-152.27,-44.062,1.6809
-152.33,-43.565,1.6809
-152.38,-43.068,1.6809
-152.44,-42.571,1.6809
-152.49,-42.074,1.6809
-152.55,-41.577,1.6809
-152.6,-41.08,1.6538
-152.65,-40.582,1.6229
-152.67,-40.083,1.6076
-152.69,-39.583,1.6018
-152.71,-39.084,1.6018
-152.72,-38.584,1.6018
-152.74,-38.084,1.6018
-152.75,-37.584,1.6018
-152.77,-37.085,1.6018
-152.78,-36.585,1.6018
-152.8,-36.085,1.5693
-152.8,-35.585,1.5591
-152.79,-35.085,1.5247
-152.77,-34.586,1.5247
-152.75,-34.086,1.5247
-152.72,-33.587,1.5247
-152.7,-33.087,1.5247
-152.68,-32.588,1.5247
-152.65,-32.088,1.5247
-152.63,-31.589,1.5208
-152.61,-31.09,1.4987
-152.57,-30.591,1.4935
-152.53,-30.092,1.4683
-152.48,-29.595,1.4679
-152.43,-29.098,1.4672
-152.38,-28.6,1.4672
-152.33,-28.103,1.4672
-152.27,-27.606,1.4672
-152.22,-27.108,1.4672
-152.17,-26.611,1.4598
-152.11,-26.114,1.4497
-152.05,-25.618,1.4416
-151.99,-25.122,1.4315
-151.92,-24.627,1.4283
-151.85,-24.132,1.426
-151.78,-23.637,1.426
-151.71,-23.142,1.426
-151.63,-22.648,1.426
-151.56,-22.153,1.426
-151.49,-21.658,1.4189
-151.41,-21.164,1.415
-151.34,-20.67,1.4083
-151.25,-20.176,1.4049
-151.17,-19.683,1.4007
-151.09,-19.191,1.3994
-151,-18.698,1.3994
-150.92,-18.205,1.3994
-150.83,-17.713,1.3994
-150.75,-17.22,1.3994
-150.66,-16.727,1.3938
-150.57,-16.235,1.3926
-150.48,-15.743,1.3872
-150.39,-15.251,1.3863
-150.3,-14.76,1.3818
-150.21,-14.269,1.3815
-150.11,-13.778,1.3815
-150.02,-13.287,1.3815
-149.93,-12.795,1.3815
-149.83,-12.304,1.3815
-149.74,-11.813,1.3752
-149.64,-11.323,1.3751
-149.54,-10.832,1.3689
-149.44,-10.343,1.3683
-149.34,-9.8528,1.3622
-149.24,-9.3636,1.3622
-149.13,-8.8745,1.3622
-149.03,-8.3853,1.3622
-148.93,-7.8962,1.3622
-148.82,-7.407,1.361
-148.72,-6.918,1.3542
-148.61,-6.4296,1.353
-148.5,-5.9415,1.3467
-148.39,-5.454,1.3437
-148.28,-4.9668,1.3356
-148.16,-4.4806,1.3356
-148.05,-3.9944,1.3356
-147.93,-3.5081,1.3356
-147.81,-3.0219,1.3356
-147.7,-2.5357,1.3305
-147.58,-2.0501,1.3202
-147.46,-1.5657,1.3157
-147.33,-1.0819,1.3074
-147.2,-0.59911,1.2935
-147.06,-0.11826,1.2784
-146.92,0.36052,1.2782
-146.77,0.83928,1.2781
-146.63,1.318,1.2781
-146.49,1.7967,1.2781
-146.34,2.2755,1.2573
-146.19,2.7511,1.2444
-146.03,3.2247,1.2244
-145.86,3.6949,1.2134
-145.68,4.1633,1.1707
-145.49,4.6236,1.1422
-145.28,5.0784,1.1167
-145.06,5.5277,1.1167
-144.84,5.977,1.1167
-144.62,6.4264,1.1049
-144.4,6.873,1.0759
-144.16,7.313,1.0624
-143.92,7.7497,1.0333
-143.66,8.1792,1.0312
-143.4,8.6082,1.0271
-143.14,9.0361,0.97821
-142.87,9.4505,0.9474
-142.57,9.8565,0.93938
-142.28,10.26,0.93874
-141.98,10.663,0.88966
-141.67,11.052,0.88735
-141.35,11.44,0.82626
-141.01,11.807,0.82553
-140.67,12.175,0.82553
-140.34,12.542,0.82388
-140,12.909,0.7939
-139.65,13.266,0.70423
-139.26,13.589,0.67213
-138.87,13.9,0.60668
-138.46,14.185,0.60264
-138.05,14.469,0.54933
-137.62,14.73,0.54933
-137.2,14.991,0.54933
-136.77,15.252,0.54933
-136.35,15.513,0.54933
-135.92,15.774,0.5487
-135.49,16.035,0.54456
-135.06,16.294,0.54405
-134.64,16.553,0.54197
-134.21,16.81,0.5419
-133.78,17.068,0.54167
-133.35,17.326,0.54167
-132.92,17.584,0.54167
-132.49,17.842,0.54167
-132.07,18.099,0.54167
-131.64,18.357,0.55076
-131.21,18.619,0.5742
-130.79,18.89,0.57644
-130.37,19.163,0.62674
-129.97,19.456,0.63197
-129.56,19.752,0.69653
-129.18,20.072,0.69653
-128.8,20.393,0.69653
-128.41,20.714,0.69653
-128.03,21.035,0.69653
-127.65,21.355,0.7274
-127.27,21.687,0.86804
-126.95,22.069,0.86804
-126.63,22.45,0.87621
-126.31,22.834,0.9212
-126.01,23.233,0.93959
-125.71,23.636,1.0133
-125.45,24.06,1.0133
-125.18,24.484,1.0133
-124.92,24.909,1.0413
-124.66,25.34,1.1195
-124.45,25.79,1.1195
-124.23,26.24,1.1223
-124.01,26.69,1.1244
-123.8,27.141,1.1508
-123.59,27.598,1.1685
-123.4,28.058,1.2134
-123.22,28.526,1.2394
-123.06,28.999,1.2786
-122.91,29.477,1.2983
-122.78,29.959,1.3018
-122.65,30.441,1.3326
-122.53,30.927,1.3326
-122.41,31.413,1.3326
-122.29,31.898,1.3355
-122.18,32.385,1.3523
-122.07,32.873,1.3584
-121.96,33.362,1.3879
-121.87,33.853,1.3945
-121.78,34.345,1.4217
-121.71,34.84,1.4217
-121.64,35.334,1.4218
-121.56,35.829,1.4218
-121.49,36.323,1.4218
-121.41,36.818,1.4219
-121.34,37.312,1.4239
-121.27,37.807,1.4243
-121.19,38.301,1.4288
-121.12,38.796,1.4287
-121.05,39.291,1.4283
-120.98,39.786,1.4283
-120.91,40.281,1.4283
-120.84,40.776,1.4283
-120.77,41.271,1.4283
-120.7,41.766,1.4275
-120.62,42.261,1.4231
-120.55,42.755,1.4201
-120.48,43.25,1.4067
-120.39,43.743,1.3995
-120.31,44.236,1.3804
-120.21,44.727,1.3803
-120.12,45.218,1.3801
-120.02,45.709,1.3801
-119.93,46.199,1.3801
-119.84,46.69,1.3771
-119.74,47.181,1.3731
-119.64,47.671,1.3607
-119.54,48.16,1.3453
-119.42,48.648,1.3306
-119.31,49.133,1.3139
-119.18,49.617,1.3083
-119.05,50.1,1.3061
-118.92,50.582,1.3061
-118.79,51.065,1.3061
-118.66,51.547,1.3019
-118.52,52.029,1.3006
-118.39,52.511,1.2767
-118.25,52.99,1.2702
-118.1,53.467,1.2559
-117.94,53.943,1.2516
-117.79,54.418,1.2331
-117.62,54.889,1.2331
-117.45,55.361,1.2331
-117.29,55.833,1.2328
-117.12,56.305,1.2296
-116.96,56.776,1.2262
-116.79,57.246,1.1987
-116.61,57.712,1.1979
-116.42,58.178,1.1927
-116.24,58.642,1.182
-116.05,59.105,1.1632
-115.85,59.564,1.1632
-115.65,60.023,1.1632
-115.45,60.482,1.1627
-115.26,60.941,1.1619
-115.06,61.4,1.1522
-114.85,61.857,1.139
-114.64,62.311,1.1389
-114.44,62.765,1.1388
-114.23,63.219,1.1299
-114.01,63.671,1.1211
-113.8,64.121,1.1209
-113.58,64.572,1.1208
-113.36,65.022,1.1207
-113.14,65.472,1.1207
-112.93,65.922,1.1082
-112.7,66.37,1.1011
-112.48,66.816,1.1011
-112.25,67.261,1.1011
-112.02,67.707,1.0888
-111.79,68.15,1.0831
-111.56,68.592,1.08
-111.32,69.033,1.0794
-111.09,69.474,1.0794
-110.85,69.915,1.0794
-110.61,70.355,1.0598
-110.37,70.792,1.0569
-110.12,71.227,1.0559
-109.88,71.662,1.0558
-109.63,72.097,1.0409
-109.38,72.529,1.0387
-109.12,72.96,1.0297
-108.87,73.388,1.0297
-108.61,73.817,1.0297
-108.35,74.245,1.0268
-108.09,74.673,1.008
-107.83,75.096,1.0076
-107.56,75.519,1.0056
-107.29,75.941,1.0038
-107.02,76.363,0.99553
-106.75,76.782,0.99013
-106.48,77.2,0.97993
-106.2,77.616,0.97993
-105.92,78.031,0.97993
-105.64,78.446,0.96764
-105.36,78.858,0.94836
-105.07,79.264,0.94606
-104.77,79.67,0.94275
-104.48,80.074,0.94115
-104.19,80.478,0.93906
-103.89,80.882,0.90693
-103.58,81.276,0.8948
-103.27,81.666,0.89471
-102.96,82.056,0.89469
-102.64,82.446,0.87632
-102.32,82.83,0.87114
-102,83.212,0.86652
-101.68,83.593,0.86537
-101.35,83.974,0.86537
-101.03,84.355,0.86537
-100.71,84.735,0.85781
-100.38,85.114,0.8564
-100.05,85.491,0.85567
-99.723,85.869,0.8556
-99.395,86.246,0.85103
-99.065,86.622,0.85075
-98.736,86.998,0.84921
-98.405,87.374,0.84915
-98.075,87.749,0.84915
-97.745,88.124,0.84916
-97.414,88.5,0.85248
-97.085,88.876,0.85248
-96.756,89.253,0.85311
-96.427,89.629,0.85364
-96.099,90.006,0.87652
-95.779,90.39,0.87698
-95.459,90.775,0.88665
-95.143,91.162,0.88665
-94.827,91.55,0.88665
-94.511,91.937,0.89141
-94.197,92.326,0.93854
-93.901,92.729,0.93854
-93.606,93.133,0.94271
-93.312,93.537,0.94405
-93.019,93.942,0.96719
-92.735,94.354,0.97372
-92.454,94.767,0.98622
-92.178,95.184,0.98929
-91.903,95.602,0.99488
-91.631,96.022,0.99607
-91.359,96.441,1.0118
-91.094,96.865,1.0201
-90.833,97.291,1.0201
-90.571,97.717,1.0201
-90.309,98.143,1.0339
-90.054,98.573,1.0398
-89.8,99.004,1.0491
-89.551,99.438,1.0527
-89.304,99.872,1.0607
-89.059,100.31,1.0634
-88.817,100.75,1.0752
-88.579,101.19,1.084
-88.345,101.63,1.084
-88.111,102.07,1.084
-87.877,102.51,1.0914
-87.646,102.95,1.096
-87.418,103.4,1.1021
-87.192,103.85,1.1056
-86.968,104.29,1.1094
-86.745,104.74,1.1114
-86.523,105.19,1.1162
-86.304,105.64,1.1194
-86.086,106.09,1.1194
-85.868,106.54,1.1194
-85.65,106.99,1.1211
-85.432,107.44,1.1221
-85.215,107.89,1.1238
-84.999,108.34,1.1247
-84.784,108.79,1.1243
-84.568,109.24,1.1242
-84.352,109.69,1.1236
-84.135,110.14,1.1233
-83.919,110.59,1.1233
-83.703,111.04,1.1233
-83.486,111.49,1.1154
-83.266,111.94,1.1127
-83.045,112.39,1.1027
-82.82,112.84,1.0998
-82.593,113.28,1.0935
-82.363,113.73,1.09
-82.132,114.17,1.0584
-81.887,114.61,1.0584
-81.642,115.04,1.0584
-81.397,115.48,1.0565
-81.151,115.91,1.0396
-80.897,116.35,1.0362
-80.643,116.78,1.0117
-80.377,117.2,1.0116
-80.112,117.62,1.011
-79.847,118.05,1.0001
-79.577,118.47,0.96043
-79.29,118.88,0.95808
-79.002,119.29,0.95586
-78.714,119.69,0.94518
-78.421,120.1,0.93596
-78.125,120.5,0.91589
-77.82,120.9,0.90016
-77.509,121.29,0.90016
-77.199,121.68,0.90016
-76.888,122.07,0.88226
-76.57,122.46,0.86889
-76.247,122.84,0.82863
-75.909,123.21,0.82657
-75.571,123.58,0.79842
-75.222,123.94,0.79198
-74.871,124.29,0.73228
-74.499,124.63,0.73228
-74.127,124.96,0.73228
-73.755,125.3,0.73136
-73.383,125.63,0.72635
-73.009,125.96,0.68853
-72.624,126.28,0.6234
-72.218,126.57,0.52668
-71.786,126.82,0.51539
-71.351,127.07,0.41076
-70.892,127.27,0.41076
-70.434,127.47,0.41076
-69.976,127.67,0.41076
-69.517,127.87,0.41076
-69.059,128.07,0.40841
-68.6,128.26,0.39925
-68.139,128.46,0.2807
-67.662,128.6,0.016734
-67.167,128.61,-0.16325
-66.674,128.52,-0.23046
-66.188,128.41,-0.23046
-65.701,128.3,-0.23046
-65.214,128.18,-0.23046
-64.727,128.07,-0.23046
-64.24,127.95,-0.41746
-63.786,127.75,-0.48828
-63.345,127.52,-0.83192
-63.008,127.15,-0.95233
-62.72,126.74,-1.0163
-62.456,126.32,-1.0441
-62.205,125.88,-1.3005
-62.074,125.41,-1.4593
-62.018,124.92,-1.5918
-62.029,124.42,-1.6301
-62.059,123.92,-1.6301
-62.088,123.42,-1.6301
-62.118,122.92,-1.6301
-62.148,122.42,-1.6301
-62.177,121.92,-1.6318
-62.208,121.42,-1.6321
-62.238,120.92,-1.788
-62.346,120.43,-1.8742
-62.495,119.96,-1.8944
-62.654,119.48,-1.8944
-62.813,119.01,-1.8944
-62.972,118.54,-1.8944
-63.131,118.06,-1.8944
-63.29,117.59,-1.8944
-63.449,117.11,-1.8944
-63.608,116.64,-1.9342
-63.786,116.17,-1.9483
-63.97,115.71,-2.0971
-64.221,115.28,-2.1002
-64.474,114.84,-2.1025
-64.727,114.41,-2.1025
-64.981,113.98,-2.1025
-65.234,113.55,-2.1025
-65.488,113.12,-2.1025
-65.741,112.69,-2.1111
-65.998,112.26,-2.1159
-66.258,111.83,-2.1358
-66.525,111.41,-2.1458
-66.797,110.99,-2.1573
-67.074,110.57,-2.1598
-67.352,110.16,-2.1598
-67.63,109.74,-2.1598
-67.907,109.33,-2.1598
-68.185,108.91,-2.1598
-68.463,108.5,-2.1635
-68.742,108.08,-2.164
-69.022,107.67,-2.1733
-69.305,107.25,-2.1743
-69.589,106.84,-2.1822
-69.876,106.43,-2.1823
-70.163,106.02,-2.1823
-70.45,105.61,-2.1823
-70.737,105.21,-2.1823
-71.024,104.8,-2.1825
-71.311,104.39,-2.1855
-71.6,103.98,-2.1861
-71.888,103.57,-2.1944
-72.18,103.16,-2.1956
-72.473,102.76,-2.2026
-72.768,102.35,-2.2026
-73.063,101.95,-2.2026
-73.358,101.55,-2.2026
-73.654,101.14,-2.2026
-73.949,100.74,-2.2018
-74.244,100.34,-2.1988
-74.538,99.932,-2.1955
-74.83,99.527,-2.1843
-75.118,99.118,-2.182
-75.405,98.709,-2.1654
-75.685,98.294,-2.1654
-75.965,97.88,-2.1654
-76.245,97.466,-2.1654
-76.525,97.052,-2.1654
-76.805,96.638,-2.1647
-77.085,96.223,-2.162
-77.364,95.808,-2.1583
-77.641,95.392,-2.144
-77.912,94.972,-2.1422
-78.183,94.551,-2.1291
-78.447,94.127,-2.1291
-78.712,93.703,-2.1291
-78.977,93.279,-2.1291
-79.242,92.855,-2.1291
-79.507,92.431,-2.1286
-79.772,92.007,-2.1263
-80.035,91.582,-2.1214
-80.297,91.156,-2.1025
-80.55,90.725,-2.1009
-80.803,90.293,-2.0854
-81.049,89.858,-2.0854
-81.295,89.423,-2.0854
-81.541,88.988,-2.0854
-81.788,88.553,-2.0854
-82.034,88.117,-2.0851
-82.28,87.682,-2.0834
-82.525,87.246,-2.0776
-82.768,86.809,-2.0507
-82.998,86.366,-2.05
-83.229,85.922,-2.0324
-83.452,85.474,-2.0324
-83.674,85.027,-2.0324
-83.897,84.579,-2.0324
-84.12,84.131,-2.0324
-84.342,83.684,-2.0323
-84.565,83.236,-2.0316
-84.787,82.788,-2.0264
-85.007,82.339,-1.9884
-85.21,81.882,-1.9884
-85.413,81.425,-1.9709
-85.608,80.965,-1.97
-85.802,80.504,-1.97
-85.997,80.043,-1.97
-86.191,79.583,-1.97
-86.385,79.122,-1.97
-86.58,78.661,-1.97
-86.774,78.201,-1.9672
-86.967,77.739,-1.8918
-87.125,77.265,-1.8918
-87.282,76.79,-1.8744
-87.432,76.313,-1.8689
-87.579,75.835,-1.8689
-87.726,75.357,-1.8689
-87.873,74.879,-1.8689
-88.019,74.402,-1.8689
-88.166,73.924,-1.8689
-88.313,73.446,-1.8689
-88.46,72.968,-1.8336
-88.59,72.485,-1.8272
-88.717,72.001,-1.8216
-88.841,71.517,-1.8195
-88.964,71.032,-1.8195
-89.087,70.548,-1.8195
-89.21,70.063,-1.8195
-89.333,69.578,-1.8195
-89.456,69.094,-1.8195
-89.579,68.609,-1.8195
-89.702,68.125,-1.7849
-89.809,67.636,-1.7766
-89.911,67.147,-1.7722
-90.011,66.657,-1.77
-90.11,66.167,-1.77
-90.209,65.677,-1.77
-90.308,65.186,-1.77
-90.407,64.696,-1.77
-90.506,64.206,-1.77
-90.604,63.716,-1.77
-90.703,63.226,-1.879
-90.855,62.75,-1.9258
-91.029,62.282,-1.9471
-91.212,61.817,-1.9471
-91.396,61.352,-1.9471
-91.58,60.887,-1.9471
-91.764,60.422,-1.9471
-91.947,59.957,-1.9471
-92.131,59.492,-1.9471
-92.315,59.027,-1.9766
-92.512,58.567,-2.0181
-92.728,58.117,-2.0887
-92.976,57.683,-2.1105
-93.233,57.254,-2.1122
-93.49,56.825,-2.1122
-93.748,56.397,-2.1122
-94.006,55.968,-2.1122
-94.263,55.54,-2.1122
-94.521,55.111,-2.1148
-94.78,54.683,-2.1797
-95.066,54.273,-2.1856
-95.354,53.865,-2.2598
-95.672,53.479,-2.2798
-95.997,53.099,-2.2928
-96.328,52.724,-2.2928
-96.658,52.349,-2.2928
-96.989,51.974,-2.2928
-97.319,51.599,-2.2928
-97.649,51.223,-2.2758
-97.973,50.842,-2.2674
-98.294,50.459,-2.2428
-98.606,50.068,-2.2321
-98.913,49.673,-2.2188
-99.214,49.275,-2.1907
-99.505,48.868,-2.1907
-99.795,48.461,-2.1907
-100.09,48.054,-2.1907
-100.38,47.647,-2.1907
-100.67,47.24,-2.1693
-100.95,46.827,-2.1355
-101.22,46.404,-2.0968
-101.47,45.972,-2.0429
-101.69,45.527,-2.0429
-101.92,45.082,-2.0178
-102.14,44.631,-2.0147
-102.35,44.179,-2.0147
-102.57,43.728,-2.0147
-102.78,43.276,-2.0147
-103,42.825,-2.0147
-103.21,42.373,-1.8585
-103.35,41.894,-1.8517
-103.49,41.414,-1.8222
-103.62,40.93,-1.7056
-103.68,40.435,-1.7056
-103.75,39.939,-1.7056
-103.82,39.444,-1.7056
-103.88,38.948,-1.7056
-103.95,38.453,-1.7056
-104.02,37.957,-1.7056
-104.09,37.462,-1.6804
-104.14,36.965,-1.6175
-104.16,36.466,-1.6175
-104.19,35.967,-1.5862
-104.2,35.467,-1.5842
-104.2,34.967,-1.5842
-104.21,34.467,-1.5842
-104.22,33.967,-1.5842
-104.22,33.467,-1.5842
-104.23,32.967,-1.5788
-104.23,32.467,-1.5788
-104.24,31.967,-1.5583
-104.23,31.467,-1.5557
-104.22,30.967,-1.5503
-104.21,30.467,-1.5497
-104.2,29.967,-1.5497
-104.19,29.467,-1.5497
-104.18,28.967,-1.5497
-104.17,28.468,-1.5497
-104.16,27.968,-1.5503
-104.15,27.468,-1.5786
-104.15,26.968,-1.6837
-104.21,26.472,-1.7268
-104.29,25.978,-1.7526
-104.38,25.486,-1.7526
-104.47,24.994,-1.7526
-104.56,24.503,-1.7526
-104.65,24.011,-1.7526
-104.74,23.519,-1.7526
-104.83,23.027,-1.7526
-104.92,22.536,-1.7836
-105.03,22.047,-1.8065
-105.14,21.561,-1.8774
-105.29,21.084,-1.8774
-105.44,20.608,-1.8774
-105.6,20.131,-1.8774
-105.75,19.654,-1.8774
-105.9,19.178,-1.8774
-106.05,18.701,-1.8774
-106.2,18.224,-1.8825
-106.35,17.748,-1.9022
-106.52,17.276,-1.9404
-106.7,16.81,-2.0127
-106.91,16.358,-2.0128
-107.12,15.906,-2.0128
-107.34,15.454,-2.0128
-107.55,15.002,-2.0128
-107.76,14.55,-2.0128
-107.98,14.098,-2.0128
-108.19,13.646,-1.9925
-108.4,13.19,-1.9842
-108.6,12.732,-1.8773
-108.75,12.257,-1.8403
-108.88,11.775,-1.8362
-109.01,11.292,-1.8148
-109.13,10.807,-1.8148
-109.25,10.322,-1.8148
-109.38,9.8365,-1.8148
-109.5,9.3513,-1.8148
-109.62,8.8661,-1.7929
-109.73,8.3788,-1.7167
-109.8,7.8841,-1.7167
-109.87,7.3895,-1.6301
-109.9,6.8915,-1.5751
-109.9,6.3915,-1.5751
-109.91,5.8915,-1.5751
-109.91,5.3915,-1.5751
-109.91,4.8915,-1.5751
-109.91,4.3915,-1.5751
-109.91,3.8915,-1.5751
-109.92,3.3916,-1.4606
-109.86,2.896,-1.411
-109.78,2.4024,-1.411
-109.7,1.9087,-1.3005
-109.57,1.4269,-1.3
-109.44,0.94512,-1.3
-109.3,0.46333,-1.3
-109.17,-0.018448,-1.3
-109.03,-0.50023,-1.2895
-108.9,-0.98023,-1.1522
-108.69,-1.4371,-1.1522
-108.49,-1.8939,-1.1424
-108.28,-2.3486,-1.0952
-108.05,-2.7931,-1.0491
-107.8,-3.2252,-0.9044
-107.5,-3.6182,-0.9044
-107.19,-4.0112,-0.9044
-106.88,-4.4042,-0.84026
-106.54,-4.7753,-0.72879
-106.17,-5.1083,-0.72879
-105.8,-5.4413,-0.72533
-105.42,-5.773,-0.69574
-105.04,-6.0934,-0.67861
-104.65,-6.407,-0.58227
-104.23,-6.682,-0.53238
-103.81,-6.9349,-0.38672
-103.34,-7.1234,-0.31439
-102.87,-7.2774,-0.20538
-102.38,-7.3794,-0.20538
-101.89,-7.4814,-0.20298
-101.4,-7.5822,-0.1803
-100.91,-7.6718,-0.1803
-100.42,-7.7615,-0.1803
-99.924,-7.8512,-0.15202
-99.431,-7.9267,0.026121
-98.931,-7.9136,0.026121
-98.432,-7.9006,0.065721
-97.934,-7.8678,0.21769
-97.446,-7.7598,0.21769
-96.958,-7.6519,0.21769
-96.47,-7.5439,0.21769
-95.981,-7.4359,0.21769
-95.493,-7.3279,0.24228
-95.008,-7.208,0.30436
-94.531,-7.0582,0.30436
-94.054,-6.9084,0.35513
-93.586,-6.7347,0.40745
-93.127,-6.5366,0.4409
-92.675,-6.3233,0.47039
-92.229,-6.0967,0.47039
-91.783,-5.8701,0.47039
-91.338,-5.6435,0.47039
-90.892,-5.4168,0.47039
-90.446,-5.1902,0.48426
-90.004,-4.9575,0.49354
-89.564,-4.7206,0.48858
-89.122,-4.4859,0.48313
-88.679,-4.2536,0.47603
-88.235,-4.0245,0.46887
-87.789,-3.7986,0.46887
-87.343,-3.5726,0.46887
-86.897,-3.3467,0.46852
-86.451,-3.1209,0.46822
-86.004,-2.8953,0.4657
-85.558,-2.6707,0.46397
-85.111,-2.447,0.47456
-84.666,-2.2185,0.48117
-84.223,-1.9871,0.49854
-83.784,-1.7481,0.5084
-83.347,-1.5047,0.5084
-82.91,-1.2613,0.5084
-82.473,-1.0179,0.54838
-82.047,-0.75735,0.5669
-81.625,-0.48884,0.56743
-81.203,-0.22011,0.62639
-80.798,0.073,0.63051
-80.394,0.36774,0.70052
-80.012,0.69004,0.71661
-79.636,1.0181,0.83838
-79.301,1.3899,0.83838
-78.967,1.7617,0.83838
-78.633,2.1335,0.87582
-78.313,2.5166,0.9961
-78.041,2.9363,0.9961
-77.769,3.356,0.99893
-77.499,3.7764,1.0117
-77.234,4.2003,1.0243
-76.974,4.6274,1.0709
-76.734,5.0662,1.0996
-76.508,5.5112,1.1818
-76.318,5.9738,1.215
-76.144,6.4419,1.2873
-76.004,6.922,1.2873
-75.864,7.402,1.2994
-75.73,7.8837,1.309
-75.601,8.3667,1.309
-75.471,8.8496,1.309
-75.342,9.3326,1.3304
-75.223,9.8181,1.3445
-75.111,10.305,1.4297
-75.041,10.799,1.4787
-74.995,11.297,1.4823
-74.95,11.795,1.5197
-74.925,12.295,1.5197
-74.899,12.794,1.5197
-74.874,13.293,1.5197
-74.848,13.793,1.5197
-74.823,14.292,1.5205
-74.798,14.791,1.5248
-74.775,15.291,1.5302
-74.754,15.79,1.5564
-74.747,16.29,1.5564
-74.74,16.79,1.5569
-74.733,17.29,1.5569
-74.726,17.79,1.5569
-74.719,18.29,1.5569
-74.712,18.79,1.5569
-74.705,19.29,1.556
-74.698,19.79,1.5514
-74.688,20.29,1.5414
-74.673,20.79,1.5013
-74.639,21.288,1.5012
-74.604,21.787,1.5009
-74.569,22.286,1.5009
-74.534,22.785,1.5009
-74.499,23.284,1.5009
-74.464,23.782,1.5009
-74.429,24.281,1.4972
-74.392,24.78,1.4923
-74.353,25.278,1.4514
-74.294,25.774,1.4026
-74.21,26.267,1.3887
-74.12,26.759,1.386
-74.028,27.25,1.386
-73.936,27.742,1.386
-73.844,28.233,1.386
-73.752,28.725,1.386
-73.66,29.216,1.3801
-73.565,29.707,1.3795
-73.47,30.198,1.3145
-73.344,30.682,1.292
-73.206,31.162,1.2573
-73.052,31.638,1.2573
-72.898,32.113,1.2573
-72.743,32.589,1.2573
-72.589,33.065,1.2573
-72.435,33.54,1.2564
-72.28,34.016,1.2551
-72.125,34.491,1.2385
-71.962,34.964,1.2154
-71.788,35.432,1.199
-71.606,35.898,1.1785
-71.415,36.36,1.1756
-71.223,36.822,1.1744
-71.03,37.283,1.1744
-70.837,37.744,1.1744
-70.644,38.205,1.1744
-70.45,38.666,1.1744
-70.257,39.128,1.1491
-70.053,39.584,1.1417
-69.845,40.039,1.1274
-69.63,40.49,1.1237
-69.414,40.941,1.1105
-69.192,41.389,1.1105
-68.97,41.837,1.1105
-68.748,42.285,1.1105
-68.526,42.733,1.1105
-68.304,43.181,1.1091
-68.081,43.629,1.0886
-67.849,44.071,1.0879
-67.617,44.514,1.0806
-67.381,44.955,1.0777
-67.145,45.396,1.0679
-66.904,45.834,1.0679
-66.663,46.272,1.0679
-66.422,46.71,1.0679
-66.181,47.148,1.0679
-65.94,47.586,1.0656
-65.698,48.024,1.0597
-65.453,48.46,1.059
-65.208,48.896,1.0575
-64.963,49.331,1.0557
-64.717,49.767,1.0527
-64.469,50.201,1.0527
-64.221,50.635,1.0527
-63.974,51.07,1.0527
-63.726,51.504,1.0527
-63.478,51.938,1.0521
-63.231,52.373,1.0513
-62.982,52.807,1.0514
-62.734,53.241,1.0514
-62.486,53.675,1.0522
-62.238,54.109,1.0531
-61.991,54.544,1.0531
-61.743,54.978,1.0531
-61.496,55.412,1.0531
-61.248,55.847,1.0531
-61.001,56.281,1.0572
-60.755,56.717,1.0611
-60.511,57.153,1.0629
-60.268,57.59,1.0645
-60.026,58.028,1.0687
-59.785,58.466,1.0728
-59.546,58.905,1.0728
-59.307,59.344,1.0728
-59.068,59.784,1.0728
-58.83,60.223,1.0728
-58.591,60.662,1.0741
-58.352,61.102,1.075
-58.115,61.542,1.0752
-57.877,61.981,1.0754
-57.639,62.421,1.0698
-57.399,62.86,1.067
-57.158,63.298,1.067
-56.916,63.736,1.067
-56.675,64.173,1.067
-56.433,64.611,1.067
-56.192,65.049,1.0459
-55.942,65.482,1.0378
-55.688,65.913,1.0279
-55.429,66.341,1.0245
-55.169,66.768,0.98448
-54.893,67.184,0.97189
-54.611,67.597,0.96746
-54.327,68.009,0.96746
-54.044,68.421,0.96746
-53.76,68.832,0.95878
-53.473,69.242,0.91799
-53.169,69.639,0.91224
-52.863,70.034,0.88974
-52.548,70.423,0.88364
-52.231,70.809,0.8635
-51.906,71.189,0.80682
-51.56,71.55,0.79373
-51.21,71.907,0.79373
-50.859,72.263,0.79373
-50.509,72.62,0.71249
-50.13,72.946,0.69983
-49.748,73.268,0.64051
-49.347,73.567,0.63512
-48.945,73.864,0.63512
-48.542,74.16,0.6317
-48.139,74.456,0.53527
-47.709,74.711,0.4569
-47.26,74.931,0.19525
-46.773,75.027,0.14393
-46.278,75.099,0.052553
-45.779,75.125,0.045433
-45.279,75.148,0.045433
-44.78,75.171,0.045433
-44.28,75.194,0.045433
-43.781,75.216,0.04543
-43.281,75.239,0.033636
-42.782,75.256,-0.28111
-42.322,75.123,-0.5936
-41.908,74.844,-0.65422
-41.511,74.54,-0.70191
-41.129,74.217,-0.70191
-40.748,73.894,-0.70191
-40.366,73.571,-0.71197
-39.987,73.244,-0.72151
-39.612,72.914,-0.83466
-39.278,72.545,-0.91828
-38.974,72.148,-0.92347
-38.673,71.749,-0.92658
-38.372,71.349,-1.0216
-38.112,70.923,-1.0662
-37.87,70.486,-1.082
-37.635,70.044,-1.0876
-37.403,69.602,-1.0908
-37.172,69.158,-1.165
-36.975,68.699,-1.2012
-36.794,68.233,-1.2012
-36.614,67.767,-1.2012
-36.433,67.301,-1.2047
-36.254,66.834,-1.2059
-36.076,66.367,-1.2936
-35.939,65.886,-1.3412
-35.825,65.399,-1.3633
-35.722,64.91,-1.4427
-35.658,64.415,-1.4779
-35.612,63.917,-1.4779
-35.566,63.419,-1.4779
-35.519,62.921,-1.4779
-35.473,62.423,-1.4779
-35.426,61.925,-1.4797
-35.381,61.428,-1.4804
-35.336,60.93,-1.5633
-35.332,60.43,-1.61
-35.352,59.931,-1.6761
-35.404,59.434,-1.6761
-35.457,58.936,-1.6761
-35.509,58.439,-1.6761
-35.562,57.942,-1.6761
-35.614,57.445,-1.6761
-35.667,56.947,-1.6761
-35.72,56.45,-1.6779
-35.773,55.953,-1.6972
-35.836,55.458,-1.8983
-35.997,54.984,-1.8995
-36.158,54.511,-1.9024
-36.321,54.038,-1.9024
-36.484,53.566,-1.9024
-36.646,53.093,-1.9024
-36.809,52.62,-1.9024
-36.972,52.147,-1.9024
-37.135,51.675,-1.9024
-37.298,51.202,-2.0021
-37.505,50.751,-2.1823
-37.792,50.342,-2.2499
-38.106,49.953,-2.2527
-38.421,49.565,-2.255
-38.737,49.178,-2.255
-39.053,48.79,-2.255
-39.369,48.403,-2.255
-39.685,48.015,-2.255
-40.001,47.628,-2.3117
-40.338,47.259,-2.3467
-40.689,46.902,-2.3809
-41.051,46.558,-2.4098
-41.423,46.224,-2.4478
-41.807,45.904,-2.4478
-42.191,45.584,-2.4478
-42.576,45.265,-2.4478
-42.96,44.945,-2.4478
-43.345,44.625,-2.4582
-43.732,44.309,-2.484
-44.128,44.004,-2.4864
-44.525,43.699,-2.4918
-44.923,43.397,-2.4953
-45.322,43.096,-2.5009
-45.723,42.797,-2.5009
-46.124,42.498,-2.5008
-46.524,42.199,-2.5008
-46.925,41.9,-2.5008
-47.326,41.601,-2.4805
-47.721,41.294,-2.4563
-48.108,40.978,-2.4505
-48.493,40.659,-2.4441
-48.876,40.338,-2.4147
-49.25,40.006,-2.3859
-49.614,39.663,-2.3859
-49.977,39.32,-2.3858
-50.341,38.977,-2.3858
-50.705,38.634,-2.3858
-51.069,38.291,-2.3737
-51.429,37.944,-2.3312
-51.773,37.582,-2.3183
-52.113,37.215,-2.2798
-52.439,36.836,-2.2798
-52.764,36.456,-2.2445
-53.076,36.065,-2.2376
-53.385,35.672,-2.2376
-53.695,35.28,-2.2376
-54.004,34.887,-2.2376
-54.313,34.494,-2.2376
-54.622,34.101,-2.1622
-54.901,33.686,-2.1539
-55.176,33.268,-2.0458
-55.405,32.824,-2.0396
-55.631,32.378,-2.0303
-55.852,31.93,-2.0122
-56.066,31.478,-2.0122
-56.28,31.026,-2.0122
-56.493,30.574,-2.0122
-56.707,30.122,-2.0122
-56.92,29.669,-1.9596
-57.11,29.208,-1.8812
-57.262,28.732,-1.8812
-57.415,28.255,-1.8035
-57.53,27.769,-1.7864
-57.637,27.281,-1.7864
-57.744,26.792,-1.7864
-57.851,26.304,-1.7864
-57.958,25.816,-1.7864
-58.065,25.327,-1.7864
-58.172,24.839,-1.7864
-58.279,24.35,-1.6165
-58.302,23.852,-1.5988
-58.316,23.352,-1.5873
-58.324,22.852,-1.5463
-58.312,22.352,-1.5463
-58.3,21.852,-1.5463
-58.287,21.352,-1.5463
-58.275,20.853,-1.5463
-58.263,20.353,-1.5285
-58.242,19.853,-1.4836
-58.198,19.355,-1.4836
-58.155,18.857,-1.4231
-58.081,18.363,-1.4079
-58,17.869,-1.377
-57.904,17.379,-1.3706
-57.804,16.889,-1.3706
-57.705,16.399,-1.3706
-57.606,15.909,-1.3706
-57.506,15.419,-1.3706
-57.407,14.929,-1.2765
-57.262,14.451,-1.2659
-57.112,13.974,-1.2501
-56.954,13.499,-1.2194
-56.782,13.03,-1.2032
-56.602,12.563,-1.1757
-56.41,12.102,-1.1757
-56.217,11.64,-1.1757
-56.025,11.179,-1.1491
-55.82,10.723,-1.1124
-55.599,10.274,-1.1124
-55.378,9.8261,-1.0908
-55.147,9.3826,-1.0882
-54.915,8.9397,-1.0459
-54.664,8.5071,-1.0423
-54.412,8.0753,-1.005
-54.144,7.6532,-1.0031
-53.875,7.2316,-1.0031
-53.607,6.8101,-1.0031
-53.338,6.3885,-0.92856
-53.038,5.9881,-0.92844
-52.739,5.5878,-0.93158
-52.44,5.1865,-0.93376
-52.143,4.7846,-0.90493
-51.834,4.3915,-0.88687
-51.518,4.0039,-0.85616
-51.191,3.6264,-0.83925
-50.857,3.2543,-0.79225
-50.506,2.8985,-0.76976
-50.147,2.5505,-0.7688
-49.787,2.2029,-0.73044
-49.415,1.8693,-0.73044
-49.042,1.5357,-0.73044
-48.67,1.2021,-0.7242
-48.296,0.87092,-0.65302
-47.898,0.56713,-0.64179
-47.498,0.26794,-0.5664
-47.076,-0.00035836,-0.5335
-46.647,-0.25404,-0.39103
-46.184,-0.44461,-0.39103
-45.722,-0.63518,-0.39387
-45.26,-0.82706,-0.40472
-44.801,-1.0239,-0.40472
-44.341,-1.2208,-0.40472
-43.882,-1.4177,-0.36476
-43.416,-1.5957,-0.25299
-42.932,-1.7208,-0.11363
-42.442,-1.7767,0.091627
-41.944,-1.731,0.091627
-41.446,-1.6852,0.097454
-40.948,-1.6366,0.11579
-40.452,-1.5788,0.11579
-39.955,-1.521,0.11579
-39.458,-1.4633,0.16967
-38.967,-1.3791,0.29942
-38.49,-1.2316,0.29942
-38.012,-1.0842,0.32799
-37.54,-0.92345,0.48647
-37.098,-0.6897,0.51643
-36.663,-0.44314,0.60733
-36.253,-0.1578,0.60733
-35.842,0.12754,0.60733
-35.432,0.41288,0.65872
-35.037,0.71819,0.75301
-34.672,1.0601,0.75301
-34.308,1.402,0.76375
-33.946,1.7478,0.78595
-33.593,2.1016,0.8283
-33.256,2.4694,0.90224
-32.946,2.8617,0.94143
-32.652,3.2655,0.99334
-32.379,3.6844,1.0447
-32.128,4.1163,1.0963
-31.9,4.561,1.0963
-31.671,5.0058,1.1234
-31.455,5.4565,1.1383
-31.245,5.9104,1.1383
-31.036,6.3644,1.1383
-30.826,6.8183,1.1718
-30.632,7.279,1.1869
-30.445,7.7426,1.2486
-30.286,8.2165,1.2723
-30.139,8.6944,1.2827
-29.997,9.1737,1.3109
-29.869,9.6569,1.3109
-29.74,10.14,1.3109
-29.612,10.623,1.3109
-29.483,11.107,1.3109
-29.355,11.59,1.3193
-29.23,12.074,1.3362
-29.114,12.56,1.3606
-29.01,13.049,1.4045
-28.927,13.542,1.4052
-28.845,14.035,1.4119
-28.765,14.529,1.4119
-28.686,15.023,1.4119
-28.607,15.516,1.4119
-28.528,16.01,1.4119
-28.449,16.504,1.4132
-28.371,16.998,1.42
-28.295,17.492,1.4219
-28.221,17.986,1.4401
-28.156,18.482,1.4401
-28.091,18.978,1.4401
-28.026,19.474,1.4401
-27.961,19.969,1.4401
-27.895,20.465,1.4401
-27.83,20.961,1.4401
-27.765,21.456,1.4385
-27.699,21.952,1.4314
-27.63,22.447,1.4207
-27.555,22.942,1.3937
-27.467,23.434,1.3936
-27.379,23.926,1.3936
-27.291,24.418,1.3936
-27.202,24.91,1.3936
-27.114,25.402,1.3936
-27.026,25.895,1.3936
-26.938,26.387,1.3872
-26.847,26.878,1.3788
-26.751,27.369,1.3428
-26.638,27.856,1.2991
-26.504,28.337,1.2884
-26.365,28.818,1.2863
-26.225,29.298,1.2863
-26.084,29.777,1.2863
-25.944,30.257,1.2863
-25.804,30.737,1.2863
-25.663,31.217,1.2639
-25.512,31.694,1.2616
-25.36,32.17,1.182
-25.171,32.633,1.1508
-24.967,33.089,1.1175
-24.748,33.539,1.1175
-24.529,33.988,1.1174
-24.31,34.438,1.1174
-24.091,34.887,1.1174
-23.872,35.337,1.1128
-23.651,35.785,1.1083
-23.428,36.232,1.0921
-23.197,36.676,1.0778
-22.961,37.117,1.0609
-22.717,37.553,1.0474
-22.467,37.986,1.0451
-22.216,38.419,1.0444
-21.965,38.851,1.0444
-21.714,39.283,1.0444
-21.462,39.716,1.0424
-21.21,40.147,1.042
-20.958,40.579,1.0326
-20.702,41.008,1.0308
-20.445,41.437,1.0305
-20.187,41.866,1.0305
-19.93,42.295,1.0304
-19.673,42.723,1.0304
-19.416,43.152,1.0304
-19.159,43.581,1.0304
-18.901,44.01,1.0337
-18.645,44.439,1.034
-18.39,44.869,1.0575
-18.144,45.305,1.0589
-17.899,45.74,1.0786
-17.663,46.181,1.0792
-17.427,46.622,1.0869
-17.194,47.064,1.0886
-16.963,47.507,1.0886
-16.731,47.95,1.0886
-16.499,48.393,1.0912
-16.268,48.837,1.0916
-16.038,49.281,1.1237
-15.821,49.732,1.1283
-15.607,50.183,1.1592
-15.407,50.642,1.1627
-15.209,51.101,1.1679
-15.013,51.561,1.1706
-14.818,52.021,1.1706
-14.623,52.482,1.1706
-14.428,52.942,1.1718
-14.234,53.403,1.1723
-14.04,53.864,1.2159
-13.867,54.332,1.2321
-13.7,54.804,1.2756
-13.555,55.282,1.2895
-13.416,55.762,1.2898
-13.278,56.243,1.2902
-13.139,56.723,1.2902
-13.001,57.204,1.2902
-12.862,57.684,1.2902
-12.724,58.165,1.2902
-12.585,58.645,1.3383
-12.47,59.131,1.3884
-12.379,59.623,1.3932
-12.291,60.115,1.4298
-12.221,60.61,1.4298
-12.151,61.105,1.4298
-12.08,61.6,1.4298
-12.01,62.095,1.4298
-11.94,62.59,1.4298
-11.869,63.085,1.4298
-11.799,63.58,1.4643
-11.746,64.076,1.6034
-11.762,64.576,1.6034
-11.779,65.075,1.6248
-11.806,65.575,1.6366
-11.839,66.074,1.6366
-11.871,66.573,1.6366
-11.904,67.071,1.6366
-11.937,67.57,1.6366
-11.97,68.069,1.6803
-12.025,68.566,1.6984
-12.088,69.062,1.7183
-12.162,69.556,1.8629
-12.306,70.035,1.8645
-12.45,70.513,1.8738
-12.6,70.991,1.8738
-12.749,71.468,1.8738
-12.898,71.945,1.8738
-13.047,72.422,1.8738
-13.196,72.899,1.9072
-13.361,73.371,2.0216
-13.579,73.821,2.0216
-13.797,74.271,2.0656
-14.034,74.71,2.1372
-14.302,75.132,2.1411
-14.572,75.553,2.1467
-14.844,75.972,2.1467
-15.117,76.391,2.1467
-15.389,76.811,2.1773
-15.674,77.221,2.2139
-15.974,77.622,2.2139
-16.273,78.022,2.2289
-16.579,78.417,2.2296
-16.885,78.813,2.3043
-17.22,79.184,2.3055
-17.555,79.555,2.3143
-17.894,79.923,2.3152
-18.232,80.291,2.3378
-18.579,80.651,2.3378
-18.926,81.011,2.3667
-19.284,81.36,2.385
-19.647,81.704,2.385
-20.011,82.047,2.385
-20.374,82.39,2.3988
-20.743,82.728,2.4059
-21.113,83.064,2.4083
-21.485,83.398,2.4094
-21.857,83.733,2.4032
-22.226,84.069,2.4006
-22.595,84.407,2.3886
-22.96,84.749,2.3867
-23.324,85.091,2.3867
-23.689,85.434,2.3867
-24.053,85.777,2.359
-24.407,86.129,2.356
-24.761,86.483,2.3491
-25.112,86.839,2.3485
-25.463,87.195,2.3446
-25.812,87.553,2.3315
-26.157,87.915,2.2903
-26.486,88.291,2.2899
-26.815,88.667,2.2891
-27.144,89.044,2.2677
-27.465,89.427,2.2295
-27.771,89.822,2.2223
-28.075,90.22,2.2108
-28.373,90.621,2.2108
-28.672,91.022,2.2108
-28.97,91.423,2.188
-29.26,91.83,2.142
-29.53,92.251,2.077
-29.772,92.688,2.0522
-30.003,93.131,1.9787
-30.202,93.59,1.969
-30.396,94.051,1.9449
-30.578,94.516,1.9449
-30.761,94.982,1.9449
-30.944,95.447,1.944
-31.126,95.913,1.9424
-31.308,96.378,1.9238
-31.48,96.848,1.7286
-31.558,97.333,1.5413
-31.543,97.833,1.4909
-31.503,98.331,1.4854
-31.46,98.83,1.4854
-31.418,99.328,1.4854
-31.375,99.826,1.4854
-31.333,100.32,1.4854
-31.29,100.82,1.4854
-31.247,101.32,1.4854
-31.205,101.82,1.2335
-31.039,102.29,1.1109
-30.818,102.74,1.0442
-30.567,103.17,1.0259
-30.307,103.6,1.0259
-30.048,104.02,1.0259
-29.789,104.45,1.0259
-29.53,104.88,1.0259
-29.271,105.31,0.90119
-28.962,105.7,0.8307
-28.625,106.07,0.78422
-28.271,106.42,0.76849
-27.911,106.77,0.61037
-27.502,107.05,0.60334
-27.09,107.34,0.41067
-26.632,107.54,0.28307
-26.157,107.68,0.10974
-25.66,107.73,0.068919
-25.161,107.76,0.030135
-24.662,107.78,0.030135
-24.162,107.79,0.030135
-23.662,107.81,0.030135
-23.162,107.82,0.030135
-22.663,107.84,0.0057354
-22.163,107.84,-0.13224
-21.672,107.78,-0.29522
-21.194,107.63,-0.32865
-20.72,107.47,-0.33294
-20.248,107.31,-0.33294
-19.775,107.14,-0.33294
-19.303,106.98,-0.33294
-18.83,106.82,-0.33294
-18.358,106.65,-0.33294
-17.885,106.49,-0.33294
-17.413,106.33,-0.45643
-16.964,106.11,-0.53127
-16.534,105.85,-0.59442
-16.12,105.57,-0.59885
-15.707,105.29,-0.59956
-15.294,105.01,-0.59956
-14.881,104.73,-0.59956
-14.468,104.45,-0.59956
-14.055,104.16,-0.59956
-13.643,103.88,-0.63831
-13.241,103.58,-0.64117
-12.84,103.28,-0.67286
-12.449,102.97,-0.6773
-12.06,102.66,-0.69014
-11.674,102.34,-0.69014
-11.289,102.02,-0.69014
-10.903,101.7,-0.69014
-10.517,101.39,-0.69014
-10.132,101.07,-0.69552
-9.748,100.75,-0.71169
-9.3693,100.42,-0.7164
-8.9923,100.09,-0.72902
-8.6193,99.759,-0.74028
-8.2502,99.422,-0.75243
-7.8852,99.08,-0.75243
-7.5202,98.738,-0.75243
-7.1552,98.397,-0.75243
-6.7902,98.055,-0.75243
-6.4252,97.713,-0.77336
-6.0674,97.364,-0.79088
-5.7158,97.009,-0.80408
-5.369,96.648,-0.81402
-5.0257,96.285,-0.8621
-4.7004,95.906,-0.88167
-4.3825,95.52,-0.88655
-4.0664,95.132,-0.88655
-3.7504,94.745,-0.88655
-3.4343,94.357,-0.88977
-3.1196,93.969,-0.9195
-2.8165,93.571,-0.92198
-2.5143,93.173,-0.93994
-2.2194,92.769,-0.94332
-1.9259,92.364,-0.96338
-1.6405,91.954,-0.97465
-1.3598,91.54,-0.98847
-1.0848,91.122,-0.98847
-0.80984,90.705,-0.98847
-0.53486,90.287,-1.0047
-0.26673,89.865,-1.0214
-0.0056417,89.439,-1.0343
0.2499,89.009,-1.0463
0.50028,88.576,-1.0495
0.74929,88.143,-1.0521
0.99714,87.709,-1.1013
1.2233,87.263,-1.1103
1.4455,86.815,-1.1118
1.667,86.367,-1.1119
1.8885,85.918,-1.1324
2.1007,85.466,-1.1329
2.3127,85.013,-1.1511
2.5165,84.556,-1.1511
2.7202,84.099,-1.1511
2.9239,83.643,-1.1518
3.1273,83.186,-1.1639
3.3252,82.727,-1.1644
3.5228,82.268,-1.1668
3.7194,81.808,-1.167
3.9158,81.348,-1.1679
4.1119,80.888,-1.1682
4.3078,80.428,-1.1691
4.5033,79.968,-1.1691
4.6987,79.508,-1.1691
4.8942,79.048,-1.1669
5.0907,78.588,-1.1602
5.2903,78.129,-1.1595
5.4902,77.671,-1.1569
5.6913,77.213,-1.1548
5.8933,76.756,-1.1473
6.0988,76.3,-1.1442
6.3057,75.845,-1.1344
6.517,75.392,-1.1344
6.7284,74.939,-1.1344
6.9398,74.485,-1.1281
7.1539,74.034,-1.1124
7.3752,73.585,-1.1116
7.5968,73.137,-1.1062
7.8208,72.69,-1.105
8.0454,72.243,-1.0981
8.273,71.798,-1.0957
8.5017,71.354,-1.0846
8.7353,70.912,-1.0846
8.969,70.469,-1.0846
9.2026,70.027,-1.0818
9.4375,69.586,-1.0717
9.6768,69.147,-1.0714
9.9163,68.708,-1.0697
10.157,68.27,-1.0691
10.397,67.831,-1.0662
10.639,67.394,-1.0648
10.881,66.956,-1.059
11.126,66.52,-1.059
11.371,66.084,-1.059
11.616,65.648,-1.0577
11.861,65.213,-1.0533
12.108,64.778,-1.0532
12.356,64.344,-1.0526
12.604,63.909,-1.0526
12.851,63.475,-1.0524
13.099,63.041,-1.0523
13.347,62.606,-1.0518
13.595,62.172,-1.0518
13.843,61.738,-1.0518
14.091,61.304,-1.0528
14.338,60.87,-1.0552
14.585,60.435,-1.0554
14.831,59.999,-1.0558
15.077,59.564,-1.0564
15.323,59.129,-1.0575
15.569,58.693,-1.0599
15.813,58.257,-1.0636
16.056,57.82,-1.0636
16.299,57.383,-1.0636
16.542,56.946,-1.0676
16.783,56.508,-1.0729
17.022,56.069,-1.0744
17.26,55.629,-1.0759
17.498,55.189,-1.0775
17.734,54.749,-1.0789
17.97,54.308,-1.0876
18.203,53.865,-1.0944
18.432,53.421,-1.0944
18.661,52.977,-1.0944
18.891,52.532,-1.1037
19.116,52.086,-1.1098
19.338,51.638,-1.1183
19.557,51.188,-1.1207
19.774,50.738,-1.1237
19.99,50.287,-1.1245
20.206,49.836,-1.1483
20.411,49.38,-1.1534
20.614,48.923,-1.1534
20.817,48.466,-1.1534
21.019,48.009,-1.1642
21.217,47.55,-1.1699
21.412,47.089,-1.1958
21.595,46.624,-1.1963
21.778,46.159,-1.1988
21.96,45.693,-1.2064
22.138,45.226,-1.2407
22.3,44.753,-1.2407
22.462,44.28,-1.2407
22.624,43.807,-1.2411
22.786,43.334,-1.2424
22.947,42.861,-1.2628
23.099,42.384,-1.2943
23.235,41.903,-1.2974
23.37,41.422,-1.2994
23.505,40.94,-1.3376
23.62,40.454,-1.36
23.725,39.965,-1.36
23.829,39.476,-1.36
23.934,38.987,-1.36
24.039,38.498,-1.36
24.143,38.009,-1.3865
24.235,37.518,-1.4057
24.317,37.025,-1.44
24.382,36.529,-1.4561
24.439,36.032,-1.5149
24.467,35.533,-1.5152
24.495,35.034,-1.5162
24.522,34.535,-1.5162
24.55,34.035,-1.5162
24.577,33.536,-1.517
24.604,33.037,-1.5191
24.63,32.538,-1.5631
24.633,32.038,-1.6006
24.619,31.538,-1.7022
24.553,31.043,-1.7088
24.484,30.548,-1.7135
24.413,30.053,-1.7137
24.342,29.558,-1.7137
24.271,29.063,-1.7137
24.2,28.568,-1.7137
24.128,28.073,-1.7138
24.057,27.578,-1.7187
23.983,27.084,-1.8515
23.845,26.605,-1.9222
23.673,26.136,-1.9273
23.499,25.667,-1.9291
23.324,25.199,-1.9291
23.148,24.731,-1.9291
22.973,24.263,-1.9291
22.798,23.794,-1.9291
22.622,23.326,-1.9291
22.447,22.858,-1.9291
22.272,22.39,-2.039
22.046,21.944,-2.0737
21.805,21.506,-2.092
21.556,21.072,-2.092
21.307,20.639,-2.092
21.058,20.205,-2.092
20.809,19.772,-2.092
20.56,19.338,-2.092
20.311,18.904,-2.092
20.062,18.471,-2.1335
19.796,18.048,-2.1823
19.509,17.639,-2.2531
19.194,17.251,-2.2692
18.872,16.868,-2.2706
18.55,16.486,-2.2706
18.228,16.103,-2.2706
17.906,15.721,-2.2706
17.584,15.338,-2.2706
17.262,14.956,-2.2752
16.938,14.575,-2.3149
16.6,14.207,-2.3208
16.259,13.841,-2.3599
15.904,13.489,-2.3689
15.546,13.14,-2.3788
15.185,12.794,-2.3788
14.823,12.449,-2.3788
14.462,12.103,-2.3788
14.1,11.758,-2.3788
13.739,11.412,-2.3975
13.371,11.074,-2.4136
12.998,10.741,-2.4251
12.621,10.413,-2.4341
12.241,10.088,-2.4687
11.85,9.7762,-2.4736
11.457,9.4665,-2.4736
11.065,9.1568,-2.4736
10.672,8.8471,-2.4736
10.28,8.5373,-2.4736
9.8872,8.2276,-2.5025
9.4858,7.9294,-2.5043
9.084,7.6319,-2.5161
8.6786,7.3391,-2.5169
8.2731,7.0467,-2.5494
7.8582,6.7676,-2.5496
7.4433,6.4886,-2.5502
7.0282,6.2098,-2.5502
6.6131,5.9311,-2.5502
6.1981,5.6523,-2.5531
5.7822,5.3748,-2.5617
5.3639,5.1008,-2.5632
4.9452,4.8275,-2.5674
4.5254,4.5559,-2.5694
4.1051,4.2852,-2.5742
3.6834,4.0164,-2.575
3.2615,3.7481,-2.5764
2.8393,3.4803,-2.5813
2.4158,3.2146,-2.5889
1.9902,2.9521,-2.5936
1.5634,2.6916,-2.5986
1.1353,2.4333,-2.5985
0.70727,2.1749,-2.5983
0.27927,1.9164,-2.5983
-0.14874,1.6579,-2.5986
-0.57682,1.3995,-2.5991
